Sentence,Prediction,Confidence,Actual
"1',  (  select   (  case when   (  5154  =  5154  )   then 1 else 5154*  (  select 5154 from master..sysdatabases  )   end   )    )",1,99.48%,1
linero-noro@cocheacoche.uy,0,97.58%,0
ti20,0,97.58%,0
07375030b,0,97.58%,0
select   (  case when   (  9030  =  9185  )   then 9030 else 9030*  (  select 9030 from information_schema.character_sets  )   end  )  #,1,99.48%,1
"SELECT important, kill, whyFROM snow WHERE creature  IS NOT NULL",0,97.77%,0
1%'   )    )     )   and sleep  (  5  )  #,1,99.97%,1
5568410000000000,0,97.58%,0
2399,0,97.58%,0
(  select * from   (  select  (  sleep  (  5   )    )     )  srmq  )   and 'fdgq'  =  'fdgq,1,99.94%,1
7983170000000000,0,97.58%,0
"1"" and elt  (  4594  =  1040,1040  )",1,99.90%,1
SELECT * FROM there WHERE gate BETWEEN '1996-07-01' AND '1996-07-31',0,99.79%,0
villazala,0,97.58%,0
tabakov@wdsl.ly,0,97.58%,0
belalczar,0,97.58%,0
SELECT * FROM matter,0,99.71%,0
SELECT * FROM consonant WHERE using LIKE '%book%',0,99.81%,0
1'   )    )    as bbdf where 1327  =  1327,1,93.71%,1
en9r195d9,0,97.58%,0
SELECT MIN ( hung )  AS shaking FROM breakfast,0,99.74%,0
datario,0,97.58%,0
6660,0,97.58%,0
"1%' procedure analyse  (  extractvalue  (  9255,concat  (  0x5c,  (  benchmark  (  5000000,md5  (  0x52515a50   )    )      )    )     )  ,1  )   and '%'  =  '",1,99.97%,1
SELECT * FROM direction 3 SELECT * FROM joy,0,99.71%,0
"SELECT * FROM nobody WHERE vertical IN  ( 'neighborhood', 'spent', 'opportunity' )",0,99.81%,0
SELECT AVG ( manner ) FROM five SELECT SUM ( sister ),0,99.68%,0
bose,0,97.58%,0
"1'  )   as hlbq where 2347  =  2347 and 6055  =  ctxsys.drithsx.sn  (  6055,  (  chr  (  113  )  ||chr  (  113  )  ||chr  (  112  )  ||chr  (  106  )  ||chr  (  113  )  ||  (  select   (  case when   (  6055  =  6055  )   then 1 else 0 end  )   from dual  )  ||chr  (  113  )  ||chr  (  122  )  ||chr  (  118  )  ||chr  (  122  )  ||chr  (  113   )    )     )  --",1,99.94%,1
SELECT DISTINCT children FROM were,0,99.74%,0
"SELECT t.*, tt.*, tr.object_id FROM wp_terms AS t INNER JOIN wp_term_taxonomy AS tt ON t.term_id  =  tt.term_id INNER JOIN wp_term_relationships AS tr ON tr.term_taxonomy_id  =  tt.term_taxonomy_id WHERE tt.taxonomy IN  ( 'support_cat' )  AND tr.object_id IN  ( 262310, 262326, 262328 )  ORDER BY t.name ASC",0,98.87%,0
"SELECT workerID AS ID, mostly AS spin FROM room",0,99.74%,0
63545647m,0,97.58%,0
"INSERT INTO little  ( air, slowly, movie )  VALUES  ( 'pressure', 'search', 'classroom' )",0,97.99%,0
eldredge,0,97.58%,0
SELECT COUNT ( impossibleID ) FROM belt,0,99.74%,0
00033926r,0,97.58%,0
bogarde4@tiendasyofertas.museum,0,97.58%,0
budd9,0,97.58%,0
66564863b,0,97.58%,0
1%'  )   and   (  3020  =  3020  )  *6703 and   (  '%'  =  ',1,99.33%,1
"1""  )   as xylo where 2112  =  2112 and 3715 in    (    (   char  (  113  )  +char  (  113  )  +char  (  112  )  +char  (  106  )  +char  (  113  )  +  (  select   (  case when   (  3715  =  3715  )   then char  (  49  )   else char  (  48  )   end   )    )   +char  (  113  )  +char  (  122  )  +char  (  118  )  +char  (  122  )  +char  (  113   )    )     )  --",1,99.96%,1
"SELECT * FROM consonant WHERE follow IN  ( 'opinion', 'copy', 'lunch' )",0,99.83%,0
SELECT * FROM entire WHERE    NOT sat = 'air',0,99.81%,0
"SELECT general,ourselves,farther FROM vowel LEFT JOIN Orders ON lift.continuedID =  cattle.trip ORDER BY bent.respect",0,99.54%,0
"INSERT INTO youth ( give, freedom, chosen, heavy, buried, how )  VALUES  ( 'blanket', 'satisfied'. whatever', 'half', 'yellow', 'exciting', 'signal' )",0,97.99%,0
"1'  )   where 6772  =  6772 and row  (  6237,7469  )  >  (  select count  (  *  )  ,concat  (  0x7171706a71,  (  select   (  elt  (  6237  =  6237,1   )    )     )  ,0x717a767a71,floor  (  rand  (  0  )  *2   )    )   x from   (  select 5192 union select 3785 union select 3931 union select 7158  )  a group by x  )  --",1,99.99%,1
"1' procedure analyse  (  extractvalue  (  9255,concat  (  0x5c,  (  benchmark  (  5000000,md5  (  0x52515a50   )    )      )    )     )  ,1  )",1,90.43%,1
SELECT * FROM shells WHERE drop NOT LIKE '[grew]%',0,99.81%,0
castell de rugat,0,97.97%,0
siu-ling,0,97.58%,0
bu7c2pi,0,97.58%,0
"SELECT LOWER ( ""SQL Tutorial is FUN!"" ) ;",0,93.94%,0
203614000000000,0,97.58%,0
SELECT * FROM cookies WHERE pack = 'share' LIMIT 3,0,99.81%,0
SELECT TOP 3 * FROM belong WHERE old = 'closer' SELECT * FROM him,0,99.75%,0
80,0,97.58%,0
SELECT COUNT ( him ) FROM doing,0,99.74%,0
SELECT COUNT ( whom ) FROM pattern,0,99.74%,0
94lp90ulo,0,97.58%,0
"SELECT * FROM lonely ORDER BY correctly, meal",0,99.73%,0
"1""  )   where 1699  =  1699 or 4915  =    (  select count  (  *  )   from domain.domains as t1,domain.columns as t2,domain.tables as t3  )  --",1,99.85%,1
SELECT attached ( s )  FROM particles UNION,0,99.63%,0
1   )    )    rlike   (  select   (  case when   (  6113  =  1222  )   then 1 else 0x28 end   )    )    and    (    (   2815  =  2815,1,99.96%,1
"1""   )    )    or 4240  =    (  select 4240 from pg_sleep  (  5   )    )   --",1,98.01%,1
"SELECT pig, obtain, rising FROM according WHERE excited  IS NULL",0,99.55%,0
"1%""  )   or 1022  =    (  select count  (  *  )   from all_users t1,all_users t2,all_users t3,all_users t4,all_users t5  )  --",1,99.87%,1
1  )   where 3030  =  3030,1,89.08%,1
"1"" where 6352  =  6352",1,99.11%,1
frades,0,97.58%,0
eu,0,97.58%,0
"-4798%'   )    )     )   union all select 3330,3330,3330#",1,99.02%,1
"1'||  (  select 'qjwf' from dual where 3187  =  3187 and char  (  120  )  ||char  (  106  )  ||char  (  117  )  ||char  (  85  )    =  regexp_substring  (  repeat  (  right  (  char  (  9981  )  ,0  )  ,5000000000  )  ,null   )    )   ||'",1,99.44%,1
SELECT * FROM typical,0,99.76%,0
"SELECT Employees.regular, COUNT ( Orders.mountainID )  AS flagFROM    ( OrdersINNER JOIN lips ON Orders.gladID  =  Employees.plusID )",0,99.27%,0
"pont de bar, el",0,97.97%,0
"1""   )    )     )   and 6537  =  dbms_pipe.receive_message  (  chr  (  76  )  ||chr  (  116  )  ||chr  (  117  )  ||chr  (  65  )  ,5  )   and    (    (     (  ""staz"" like ""staz",1,99.46%,1
"1""   )    )    as ynuw where 9138  =  9138",1,99.11%,1
"1""   )    )    as wnzf where 3352  =  3352 or char  (  117  )  ||char  (  111  )  ||char  (  105  )  ||char  (  100  )    =  regexp_substring  (  repeat  (  left  (  crypt_key  (  char  (  65  )  ||char  (  69  )  ||char  (  83  )  ,null  )  ,0  )  ,500000000  )  ,null  )  --",1,99.89%,1
DELETE FROM dangerous WHERE strike = 'picture',0,98.92%,0
SELECT * FROM steam WHERE automobile = 'pen'  AND  ( electricity = 'instrument' OR ordinary = 'policeman' ),0,99.81%,0
lima9za,0,97.58%,0
"1""  )   as wmng where 5976  =  5976",1,99.11%,1
SELECT * FROM strong WHERE NOT swam = 'from'  AND NOT deal = 'cloth',0,99.91%,0
SELECT AVG ( test ) FROM look SELECT SUM ( free ),0,99.72%,0
"-9176'   )    )    as eunw where 5978  =  5978 or 1 group by concat  (  0x7171706a71,  (  select   (  case when   (  4232  =  4232  )   then 1 else 0 end   )    )   ,0x717a767a71,floor  (  rand  (  0  )  *2   )    )    having min  (  0  )  #",1,99.81%,1
"1%"" rlike   (  select   (  case when   (  7689  =  7689  )   then 1 else 0x28 end   )    )    and ""%""  =  """,1,99.96%,1
"1""   )    )    and elt  (  1210  =  1210,sleep  (  5   )    )    and    (    (   ""afby""  =  ""afby",1,99.99%,1
"SELECT * FROM possibly ORDER BY concerned ASC, could DESC",0,99.73%,0
SELECT Count ( * )  AS skill,0,96.93%,0
"-8358'   )    )     )   union all select 7282,7282--",1,99.02%,1
SELECT * FROM breeze WHERE accept = 'pet'  OR out = 'gave',0,99.85%,0
valls,0,97.58%,0
SELECT * FROM success WHERE former = 'easier'  OR citizen = 'usually',0,99.81%,0
"1  )   as ghew where 6441  =  6441 union all select null,null--",1,99.91%,1
SELECT TOP 50 PERCENT * FROM useful,0,99.74%,0
23593437z,0,97.58%,0
"SELECT post_id, meta_key, meta_value FROM wp_postmeta WHERE post_id IN  ( 53815 )  ORDER BY meta_id ASC",0,99.55%,0
SELECT cap ( s )  FROM few LEFT JOIN,0,99.86%,0
"-9451""   )    )     )   union all select 4211,4211,4211,4211,4211,4211,4211--",1,99.02%,1
1'  )   where 2852  =  2852,1,99.11%,1
39202408n,0,97.58%,0
"1%""   )    )    or exp  (  ~  (  select * from   (  select concat  (  0x7171706a71,  (  select   (  elt  (  6270  =  6270,1   )    )     )  ,0x717a767a71,0x78   )    )   x   )    )    and    (    (   ""%""  =  """,1,99.96%,1
"pl. ingeniero torres quevedo, s/n 7?a",0,97.58%,0
juventino,0,97.58%,0
select   (  case when   (  9299  =  2760  )   then 1 else 9299*  (  select 9299 from master..sysdatabases  )   end  )  --,1,78.01%,1
